<ImportExportXml xmlns:xsi="http://www.w3.org/2001/XMLSchema-instance">
  <Entities></Entities>
  <Roles></Roles>
  <Workflows></Workflows>
  <FieldSecurityProfiles></FieldSecurityProfiles>
  <Templates />
  <EntityMaps />
  <EntityRelationships />
  <OrganizationSettings />
  <optionsets />
  <CustomControls />
  <EntityDataProviders />
  <CanvasApps>
    <CanvasApp>
      <Name>pw_pragmaticworksuireferenceapp_6e8aa</Name>
      <AppVersion>2023-05-31T19:31:56Z</AppVersion>
      <Status>Ready</Status>
      <CreatedByClientVersion>3.23033.15.0</CreatedByClientVersion>
      <MinClientVersion>3.23033.15.0</MinClientVersion>
      <Tags>{"primaryDeviceWidth":"1366","primaryDeviceHeight":"768","supportsPortrait":"true","supportsLandscape":"true","primaryFormFactor":"Tablet","publisherVersion":"3.23033.15","minimumRequiredApiVersion":"2.2.0","hasComponent":"true","hasUnlockedComponent":"false","isUnifiedRootApp":"false","sienaVersion":"20230403T175359Z-3.23033.15.0"}</Tags>
      <IsCdsUpgraded>0</IsCdsUpgraded>
      <GalleryItemId xsi:nil="true"></GalleryItemId>
      <BackgroundColor>RGBA(0,176,240,1)</BackgroundColor>
      <DisplayName>Pragmatic Works UI Reference App</DisplayName>
      <Description></Description>
      <CommitMessage></CommitMessage>
      <Publisher></Publisher>
      <AuthorizationReferences>[]</AuthorizationReferences>
      <ConnectionReferences>{}</ConnectionReferences>
      <DatabaseReferences>{}</DatabaseReferences>
      <AppComponents>[]</AppComponents>
      <AppComponentDependencies>[{"appComponentName":"12225045fc554a19a7a3ddd5c0321bef","appName":"0446271a-a04c-48f7-b52e-779244f39829","appComponentLibraryName":"9f480419-8ed3-4313-9d09-8b4d5b114e36","appComponentLibraryVersion":"2023-04-13T15:16:57Z","appComponentLibraryLogicalName":"pw_pragmaticworksuicomponents_96f71","environmentName":"4520cba6-d8ba-ee92-bb12-8306955c2d1c"},{"appComponentName":"c2535139b5244d668ee9f523cc64dd5f","appName":"0446271a-a04c-48f7-b52e-779244f39829","appComponentLibraryName":"9f480419-8ed3-4313-9d09-8b4d5b114e36","appComponentLibraryVersion":"2023-04-13T15:16:57Z","appComponentLibraryLogicalName":"pw_pragmaticworksuicomponents_96f71","environmentName":"4520cba6-d8ba-ee92-bb12-8306955c2d1c"},{"appComponentName":"e0876b25b4b24d608a5de7b0421551d0","appName":"0446271a-a04c-48f7-b52e-779244f39829","appComponentLibraryName":"9f480419-8ed3-4313-9d09-8b4d5b114e36","appComponentLibraryVersion":"2023-04-13T15:16:57Z","appComponentLibraryLogicalName":"pw_pragmaticworksuicomponents_96f71","environmentName":"4520cba6-d8ba-ee92-bb12-8306955c2d1c"},{"appComponentName":"1530a25609404f0bb4ebb07efdc5df5f","appName":"0446271a-a04c-48f7-b52e-779244f39829","appComponentLibraryName":"9f480419-8ed3-4313-9d09-8b4d5b114e36","appComponentLibraryVersion":"2023-04-13T15:16:57Z","appComponentLibraryLogicalName":"pw_pragmaticworksuicomponents_96f71","environmentName":"4520cba6-d8ba-ee92-bb12-8306955c2d1c"},{"appComponentName":"5b78342b1a164826b20587cd39164702","appName":"0446271a-a04c-48f7-b52e-779244f39829","appComponentLibraryName":"9f480419-8ed3-4313-9d09-8b4d5b114e36","appComponentLibraryVersion":"2023-04-13T15:16:57Z","appComponentLibraryLogicalName":"pw_pragmaticworksuicomponents_96f71","environmentName":"4520cba6-d8ba-ee92-bb12-8306955c2d1c"},{"appComponentName":"8a27b66b3fcc4a08a3c5d4a0ea3382f0","appName":"0446271a-a04c-48f7-b52e-779244f39829","appComponentLibraryName":"9f480419-8ed3-4313-9d09-8b4d5b114e36","appComponentLibraryVersion":"2023-04-13T15:16:57Z","appComponentLibraryLogicalName":"pw_pragmaticworksuicomponents_96f71","environmentName":"4520cba6-d8ba-ee92-bb12-8306955c2d1c"},{"appComponentName":"18f0255842464898b51c1aeaf5107251","appName":"0446271a-a04c-48f7-b52e-779244f39829","appComponentLibraryName":"9f480419-8ed3-4313-9d09-8b4d5b114e36","appComponentLibraryVersion":"2023-04-13T15:16:57Z","appComponentLibraryLogicalName":"pw_pragmaticworksuicomponents_96f71","environmentName":"4520cba6-d8ba-ee92-bb12-8306955c2d1c"},{"appComponentName":"5a4309594eca410a85a4713fe7b0084f","appName":"0446271a-a04c-48f7-b52e-779244f39829","appComponentLibraryName":"9f480419-8ed3-4313-9d09-8b4d5b114e36","appComponentLibraryVersion":"2023-04-13T15:16:57Z","appComponentLibraryLogicalName":"pw_pragmaticworksuicomponents_96f71","environmentName":"4520cba6-d8ba-ee92-bb12-8306955c2d1c"}]</AppComponentDependencies>
      <CanConsumeAppPass>1</CanConsumeAppPass>
      <CanvasAppType>0</CanvasAppType>
      <BypassConsent>0</BypassConsent>
      <AdminControlBypassConsent>0</AdminControlBypassConsent>
      <EmbeddedApp xsi:nil="true"></EmbeddedApp>
      <IntroducedVersion>1.0</IntroducedVersion>
      <CdsDependencies>{"cdsdependencies":[{"componenttype":300,"logicalname":"pw_pragmaticworksuicomponents_96f71","componenttypeplatformname":"CanvasApp"}]}</CdsDependencies>
      <IsCustomizable>1</IsCustomizable>
      <BackgroundImageUri>/CanvasApps/pw_pragmaticworksuireferenceapp_6e8aa_BackgroundImageUri</BackgroundImageUri>
      <DocumentUri>/CanvasApps/pw_pragmaticworksuireferenceapp_6e8aa_DocumentUri.msapp</DocumentUri>
    </CanvasApp>
    <CanvasApp>
      <Name>pw_pragmaticworksuicomponents_96f71</Name>
      <AppVersion>2023-08-24T13:32:36Z</AppVersion>
      <Status>Ready</Status>
      <CreatedByClientVersion>3.23081.15.0</CreatedByClientVersion>
      <MinClientVersion>3.23081.15.0</MinClientVersion>
      <Tags>{"primaryDeviceWidth":"1136","primaryDeviceHeight":"640","supportsPortrait":"true","supportsLandscape":"true","primaryFormFactor":"Phone","publisherVersion":"3.23081.15","minimumRequiredApiVersion":"2.2.0","hasComponent":"true","hasUnlockedComponent":"true","isUnifiedRootApp":"false","sienaVersion":"20230531T193154Z-3.23052.29.0","showStatusBar":"false"}</Tags>
      <IsCdsUpgraded>0</IsCdsUpgraded>
      <GalleryItemId xsi:nil="true"></GalleryItemId>
      <BackgroundColor>rgba(0, 18, 107, 1)</BackgroundColor>
      <DisplayName>Pragmatic Works UI Components</DisplayName>
      <Description xsi:nil="true"></Description>
      <CommitMessage xsi:nil="true"></CommitMessage>
      <Publisher></Publisher>
      <AuthorizationReferences>[]</AuthorizationReferences>
      <ConnectionReferences>{}</ConnectionReferences>
      <DatabaseReferences>{}</DatabaseReferences>
      <AppComponents>[{"appComponentName":"12225045fc554a19a7a3ddd5c0321bef","displayName":"comTabletHeader","appName":"9f480419-8ed3-4313-9d09-8b4d5b114e36","appVersion":"2023-08-24T13:32:36Z","appComponentLibraryLogicalName":"pw_pragmaticworksuicomponents_96f71","appDisplayName":"Pragmatic Works UI Components","environmentName":"4520cba6-d8ba-ee92-bb12-8306955c2d1c","owner":{"id":"20e46c03-c950-40aa-9202-566470c4fdcc","displayName":"Brian Knight","email":"bknight@pragmaticworks.com","type":"User","tenantId":"0aa5c83c-93f3-4f4d-a72f-7be9309196a6","userPrincipalName":"bknight@pragmaticworks.com"},"allowCustomization":true,"createdOn":"2023-03-19T15:57:09.98Z","lastModifiedOn":"2023-07-29T20:46:19.791Z","connectionReferences":{},"databaseReferences":{}},{"appComponentName":"c2535139b5244d668ee9f523cc64dd5f","displayName":"comSideMenu","appName":"9f480419-8ed3-4313-9d09-8b4d5b114e36","appVersion":"2023-08-24T13:32:36Z","appComponentLibraryLogicalName":"pw_pragmaticworksuicomponents_96f71","appDisplayName":"Pragmatic Works UI Components","environmentName":"4520cba6-d8ba-ee92-bb12-8306955c2d1c","owner":{"id":"20e46c03-c950-40aa-9202-566470c4fdcc","displayName":"Brian Knight","email":"bknight@pragmaticworks.com","type":"User","tenantId":"0aa5c83c-93f3-4f4d-a72f-7be9309196a6","userPrincipalName":"bknight@pragmaticworks.com"},"allowCustomization":true,"createdOn":"2023-03-19T15:57:09.98Z","lastModifiedOn":"2023-07-29T20:46:19.791Z","connectionReferences":{},"databaseReferences":{}},{"appComponentName":"e0876b25b4b24d608a5de7b0421551d0","displayName":"comLoadingSpinner","appName":"9f480419-8ed3-4313-9d09-8b4d5b114e36","appVersion":"2023-08-24T13:32:36Z","appComponentLibraryLogicalName":"pw_pragmaticworksuicomponents_96f71","appDisplayName":"Pragmatic Works UI Components","environmentName":"4520cba6-d8ba-ee92-bb12-8306955c2d1c","owner":{"id":"20e46c03-c950-40aa-9202-566470c4fdcc","displayName":"Brian Knight","email":"bknight@pragmaticworks.com","type":"User","tenantId":"0aa5c83c-93f3-4f4d-a72f-7be9309196a6","userPrincipalName":"bknight@pragmaticworks.com"},"allowCustomization":true,"createdOn":"2023-03-19T15:57:09.98Z","lastModifiedOn":"2023-07-29T20:46:19.791Z","connectionReferences":{},"databaseReferences":{}},{"appComponentName":"5b78342b1a164826b20587cd39164702","displayName":"comTabs","appName":"9f480419-8ed3-4313-9d09-8b4d5b114e36","appVersion":"2023-08-24T13:32:36Z","appComponentLibraryLogicalName":"pw_pragmaticworksuicomponents_96f71","appDisplayName":"Pragmatic Works UI Components","environmentName":"4520cba6-d8ba-ee92-bb12-8306955c2d1c","owner":{"id":"20e46c03-c950-40aa-9202-566470c4fdcc","displayName":"Brian Knight","email":"bknight@pragmaticworks.com","type":"User","tenantId":"0aa5c83c-93f3-4f4d-a72f-7be9309196a6","userPrincipalName":"bknight@pragmaticworks.com"},"allowCustomization":true,"createdOn":"2023-03-19T15:57:09.98Z","lastModifiedOn":"2023-07-29T20:46:19.791Z","connectionReferences":{},"databaseReferences":{}},{"appComponentName":"1530a25609404f0bb4ebb07efdc5df5f","displayName":"comProgressBar","appName":"9f480419-8ed3-4313-9d09-8b4d5b114e36","appVersion":"2023-08-24T13:32:36Z","appComponentLibraryLogicalName":"pw_pragmaticworksuicomponents_96f71","appDisplayName":"Pragmatic Works UI Components","environmentName":"4520cba6-d8ba-ee92-bb12-8306955c2d1c","owner":{"id":"20e46c03-c950-40aa-9202-566470c4fdcc","displayName":"Brian Knight","email":"bknight@pragmaticworks.com","type":"User","tenantId":"0aa5c83c-93f3-4f4d-a72f-7be9309196a6","userPrincipalName":"bknight@pragmaticworks.com"},"allowCustomization":true,"createdOn":"2023-03-19T15:57:09.98Z","lastModifiedOn":"2023-07-29T20:46:19.791Z","connectionReferences":{},"databaseReferences":{}},{"appComponentName":"8a27b66b3fcc4a08a3c5d4a0ea3382f0","displayName":"comShadowBox","appName":"9f480419-8ed3-4313-9d09-8b4d5b114e36","appVersion":"2023-08-24T13:32:36Z","appComponentLibraryLogicalName":"pw_pragmaticworksuicomponents_96f71","appDisplayName":"Pragmatic Works UI Components","environmentName":"4520cba6-d8ba-ee92-bb12-8306955c2d1c","owner":{"id":"20e46c03-c950-40aa-9202-566470c4fdcc","displayName":"Brian Knight","email":"bknight@pragmaticworks.com","type":"User","tenantId":"0aa5c83c-93f3-4f4d-a72f-7be9309196a6","userPrincipalName":"bknight@pragmaticworks.com"},"allowCustomization":true,"createdOn":"2023-03-19T15:57:09.98Z","lastModifiedOn":"2023-07-29T20:46:19.791Z","connectionReferences":{},"databaseReferences":{}},{"appComponentName":"18f0255842464898b51c1aeaf5107251","displayName":"comButtonMenu","appName":"9f480419-8ed3-4313-9d09-8b4d5b114e36","appVersion":"2023-08-24T13:32:36Z","appComponentLibraryLogicalName":"pw_pragmaticworksuicomponents_96f71","appDisplayName":"Pragmatic Works UI Components","environmentName":"4520cba6-d8ba-ee92-bb12-8306955c2d1c","owner":{"id":"20e46c03-c950-40aa-9202-566470c4fdcc","displayName":"Brian Knight","email":"bknight@pragmaticworks.com","type":"User","tenantId":"0aa5c83c-93f3-4f4d-a72f-7be9309196a6","userPrincipalName":"bknight@pragmaticworks.com"},"allowCustomization":true,"createdOn":"2023-03-19T15:57:09.98Z","lastModifiedOn":"2023-07-29T20:46:19.791Z","connectionReferences":{},"databaseReferences":{}},{"appComponentName":"5a4309594eca410a85a4713fe7b0084f","displayName":"comTabletFooter","appName":"9f480419-8ed3-4313-9d09-8b4d5b114e36","appVersion":"2023-08-24T13:32:36Z","appComponentLibraryLogicalName":"pw_pragmaticworksuicomponents_96f71","appDisplayName":"Pragmatic Works UI Components","environmentName":"4520cba6-d8ba-ee92-bb12-8306955c2d1c","owner":{"id":"20e46c03-c950-40aa-9202-566470c4fdcc","displayName":"Brian Knight","email":"bknight@pragmaticworks.com","type":"User","tenantId":"0aa5c83c-93f3-4f4d-a72f-7be9309196a6","userPrincipalName":"bknight@pragmaticworks.com"},"allowCustomization":true,"createdOn":"2023-03-19T15:57:09.98Z","lastModifiedOn":"2023-07-29T20:46:19.791Z","connectionReferences":{},"databaseReferences":{}},{"appComponentName":"e608e8b923c14e8f82b5e343833183d1","displayName":"comPhoneHeader","appName":"9f480419-8ed3-4313-9d09-8b4d5b114e36","appVersion":"2023-08-24T13:32:36Z","appComponentLibraryLogicalName":"pw_pragmaticworksuicomponents_96f71","appDisplayName":"Pragmatic Works UI Components","environmentName":"4520cba6-d8ba-ee92-bb12-8306955c2d1c","owner":{"id":"20e46c03-c950-40aa-9202-566470c4fdcc","displayName":"Brian Knight","email":"bknight@pragmaticworks.com","type":"User","tenantId":"0aa5c83c-93f3-4f4d-a72f-7be9309196a6","userPrincipalName":"bknight@pragmaticworks.com"},"allowCustomization":true,"createdOn":"2023-03-19T15:57:09.98Z","lastModifiedOn":"2023-07-29T20:46:19.791Z","connectionReferences":{},"databaseReferences":{}}]</AppComponents>
      <AppComponentDependencies>[]</AppComponentDependencies>
      <CanConsumeAppPass>1</CanConsumeAppPass>
      <CanvasAppType>1</CanvasAppType>
      <BypassConsent>0</BypassConsent>
      <AdminControlBypassConsent>0</AdminControlBypassConsent>
      <EmbeddedApp xsi:nil="true"></EmbeddedApp>
      <IntroducedVersion>1.0</IntroducedVersion>
      <CdsDependencies>{"cdsdependencies":[]}</CdsDependencies>
      <IsCustomizable>1</IsCustomizable>
      <BackgroundImageUri>/CanvasApps/pw_pragmaticworksuicomponents_96f71_BackgroundImageUri</BackgroundImageUri>
      <DocumentUri>/CanvasApps/pw_pragmaticworksuicomponents_96f71_DocumentUri.msapp</DocumentUri>
    </CanvasApp>
  </CanvasApps>
  <Languages>
    <Language>1033</Language>
  </Languages>
</ImportExportXml>