<ImportExportXml xmlns:xsi="http://www.w3.org/2001/XMLSchema-instance">
  <Entities></Entities>
  <Roles></Roles>
  <Workflows></Workflows>
  <FieldSecurityProfiles></FieldSecurityProfiles>
  <Templates />
  <EntityMaps />
  <EntityRelationships />
  <OrganizationSettings />
  <optionsets />
  <CustomControls />
  <EntityDataProviders />
  <CanvasApps>
    <CanvasApp>
      <Name>pw_pragmaticworksuireferenceapp_6e8aa</Name>
      <AppVersion>2023-04-04T00:43:44Z</AppVersion>
      <Status>Ready</Status>
      <CreatedByClientVersion>3.23033.15.0</CreatedByClientVersion>
      <MinClientVersion>3.23033.15.0</MinClientVersion>
      <Tags>{"primaryDeviceWidth":"1366","primaryDeviceHeight":"768","supportsPortrait":"true","supportsLandscape":"true","primaryFormFactor":"Tablet","publisherVersion":"3.23033.15","minimumRequiredApiVersion":"2.2.0","hasComponent":"true","hasUnlockedComponent":"false","isUnifiedRootApp":"false","sienaVersion":"20230403T175359Z-3.23033.15.0"}</Tags>
      <IsCdsUpgraded>0</IsCdsUpgraded>
      <GalleryItemId xsi:nil="true"></GalleryItemId>
      <BackgroundColor>RGBA(0,176,240,1)</BackgroundColor>
      <DisplayName>Pragmatic Works UI Reference App</DisplayName>
      <Description></Description>
      <CommitMessage></CommitMessage>
      <Publisher></Publisher>
      <AuthorizationReferences>[]</AuthorizationReferences>
      <ConnectionReferences>{}</ConnectionReferences>
      <DatabaseReferences>{}</DatabaseReferences>
      <CanConsumeAppPass>1</CanConsumeAppPass>
      <CanvasAppType>0</CanvasAppType>
      <BypassConsent>0</BypassConsent>
      <EmbeddedApp xsi:nil="true"></EmbeddedApp>
      <IntroducedVersion>1.0</IntroducedVersion>
      <CdsDependencies>{"cdsdependencies":[{"componenttype":300,"logicalname":"pw_pragmaticworksuicomponents_96f71","componenttypeplatformname":"CanvasApp"}]}</CdsDependencies>
      <IsCustomizable>1</IsCustomizable>
      <BackgroundImageUri>/CanvasApps/pw_pragmaticworksuireferenceapp_6e8aa_BackgroundImageUri</BackgroundImageUri>
      <DocumentUri>/CanvasApps/pw_pragmaticworksuireferenceapp_6e8aa_DocumentUri.msapp</DocumentUri>
    </CanvasApp>
    <CanvasApp>
      <Name>pw_pragmaticworksuicomponents_96f71</Name>
      <AppVersion>2023-04-04T00:43:42Z</AppVersion>
      <Status>Ready</Status>
      <CreatedByClientVersion>3.23033.15.0</CreatedByClientVersion>
      <MinClientVersion>3.23033.15.0</MinClientVersion>
      <Tags>{"primaryDeviceWidth":"1136","primaryDeviceHeight":"95","supportsPortrait":"true","supportsLandscape":"true","primaryFormFactor":"Phone","publisherVersion":"3.23033.15","minimumRequiredApiVersion":"2.2.0","hasComponent":"true","hasUnlockedComponent":"true","isUnifiedRootApp":"false","sienaVersion":"20230319T205836Z-3.23024.21.0"}</Tags>
      <IsCdsUpgraded>0</IsCdsUpgraded>
      <GalleryItemId xsi:nil="true"></GalleryItemId>
      <BackgroundColor>rgba(0, 18, 107, 1)</BackgroundColor>
      <DisplayName>Pragmatic Works UI Components</DisplayName>
      <Description></Description>
      <CommitMessage></CommitMessage>
      <Publisher></Publisher>
      <AuthorizationReferences>[]</AuthorizationReferences>
      <ConnectionReferences>{}</ConnectionReferences>
      <DatabaseReferences>{}</DatabaseReferences>
      <CanConsumeAppPass>1</CanConsumeAppPass>
      <CanvasAppType>1</CanvasAppType>
      <BypassConsent>0</BypassConsent>
      <EmbeddedApp xsi:nil="true"></EmbeddedApp>
      <IntroducedVersion>1.0</IntroducedVersion>
      <CdsDependencies>{"cdsdependencies":[]}</CdsDependencies>
      <IsCustomizable>1</IsCustomizable>
      <BackgroundImageUri>/CanvasApps/pw_pragmaticworksuicomponents_96f71_BackgroundImageUri</BackgroundImageUri>
      <DocumentUri>/CanvasApps/pw_pragmaticworksuicomponents_96f71_DocumentUri.msapp</DocumentUri>
    </CanvasApp>
  </CanvasApps>
  <Languages>
    <Language>1033</Language>
  </Languages>
</ImportExportXml>